idx,path,y_true,y_pred,correct,risk_score,true_class,pred_class
0,/home/eeeyyyfann/Codes/my_practice/dataset/NEU-DET/validation/images/crazing/crazing_241.jpg,0,2,0,12.454751330041619,crazing,patches
1,/home/eeeyyyfann/Codes/my_practice/dataset/NEU-DET/validation/images/crazing/crazing_242.jpg,0,0,1,0.7780290263783651,crazing,crazing
2,/home/eeeyyyfann/Codes/my_practice/dataset/NEU-DET/validation/images/crazing/crazing_243.jpg,0,0,1,0.5113534261647534,crazing,crazing
3,/home/eeeyyyfann/Codes/my_practice/dataset/NEU-DET/validation/images/crazing/crazing_244.jpg,0,0,1,1.91911841806559,crazing,crazing
4,/home/eeeyyyfann/Codes/my_practice/dataset/NEU-DET/validation/images/crazing/crazing_245.jpg,0,0,1,1.4013881487764182,crazing,crazing
5,/home/eeeyyyfann/Codes/my_practice/dataset/NEU-DET/validation/images/crazing/crazing_246.jpg,0,0,1,0.18315367177920328,crazing,crazing
6,/home/eeeyyyfann/Codes/my_practice/dataset/NEU-DET/validation/images/crazing/crazing_247.jpg,0,0,1,2.368603510947637,crazing,crazing
7,/home/eeeyyyfann/Codes/my_practice/dataset/NEU-DET/validation/images/crazing/crazing_248.jpg,0,0,1,0.4632512015331174,crazing,crazing
8,/home/eeeyyyfann/Codes/my_practice/dataset/NEU-DET/validation/images/crazing/crazing_249.jpg,0,0,1,0.9061340670558348,crazing,crazing
9,/home/eeeyyyfann/Codes/my_practice/dataset/NEU-DET/validation/images/crazing/crazing_250.jpg,0,0,1,0.5324775308211142,crazing,crazing
10,/home/eeeyyyfann/Codes/my_practice/dataset/NEU-DET/validation/images/crazing/crazing_251.jpg,0,0,1,1.199500111324812,crazing,crazing
11,/home/eeeyyyfann/Codes/my_practice/dataset/NEU-DET/validation/images/crazing/crazing_252.jpg,0,0,1,0.9079418636870479,crazing,crazing
12,/home/eeeyyyfann/Codes/my_practice/dataset/NEU-DET/validation/images/crazing/crazing_253.jpg,0,0,1,0.7473360507946228,crazing,crazing
13,/home/eeeyyyfann/Codes/my_practice/dataset/NEU-DET/validation/images/crazing/crazing_254.jpg,0,0,1,0.2866441139928304,crazing,crazing
14,/home/eeeyyyfann/Codes/my_practice/dataset/NEU-DET/validation/images/crazing/crazing_255.jpg,0,0,1,1.5715543054287713,crazing,crazing
15,/home/eeeyyyfann/Codes/my_practice/dataset/NEU-DET/validation/images/crazing/crazing_256.jpg,0,0,1,0.9107251182984463,crazing,crazing
16,/home/eeeyyyfann/Codes/my_practice/dataset/NEU-DET/validation/images/crazing/crazing_257.jpg,0,0,1,0.0438536100609717,crazing,crazing
17,/home/eeeyyyfann/Codes/my_practice/dataset/NEU-DET/validation/images/crazing/crazing_258.jpg,0,0,1,1.1601515360533108,crazing,crazing
18,/home/eeeyyyfann/Codes/my_practice/dataset/NEU-DET/validation/images/crazing/crazing_259.jpg,0,0,1,0.6979918971826788,crazing,crazing
19,/home/eeeyyyfann/Codes/my_practice/dataset/NEU-DET/validation/images/crazing/crazing_260.jpg,0,0,1,0.013363672766620266,crazing,crazing
20,/home/eeeyyyfann/Codes/my_practice/dataset/NEU-DET/validation/images/crazing/crazing_261.jpg,0,0,1,0.21316273569277874,crazing,crazing
21,/home/eeeyyyfann/Codes/my_practice/dataset/NEU-DET/validation/images/crazing/crazing_262.jpg,0,0,1,0.3160980544400575,crazing,crazing
22,/home/eeeyyyfann/Codes/my_practice/dataset/NEU-DET/validation/images/crazing/crazing_263.jpg,0,0,1,0.8237151257290641,crazing,crazing
23,/home/eeeyyyfann/Codes/my_practice/dataset/NEU-DET/validation/images/crazing/crazing_264.jpg,0,0,1,0.9066670168526936,crazing,crazing
24,/home/eeeyyyfann/Codes/my_practice/dataset/NEU-DET/validation/images/crazing/crazing_265.jpg,0,0,1,1.4039466655691755,crazing,crazing
25,/home/eeeyyyfann/Codes/my_practice/dataset/NEU-DET/validation/images/crazing/crazing_266.jpg,0,0,1,1.0560984947844743,crazing,crazing
26,/home/eeeyyyfann/Codes/my_practice/dataset/NEU-DET/validation/images/crazing/crazing_267.jpg,0,0,1,0.7452914322884859,crazing,crazing
27,/home/eeeyyyfann/Codes/my_practice/dataset/NEU-DET/validation/images/crazing/crazing_268.jpg,0,0,1,1.1378316458309998,crazing,crazing
28,/home/eeeyyyfann/Codes/my_practice/dataset/NEU-DET/validation/images/crazing/crazing_269.jpg,0,0,1,2.018053434556395,crazing,crazing
29,/home/eeeyyyfann/Codes/my_practice/dataset/NEU-DET/validation/images/crazing/crazing_270.jpg,0,0,1,0.5352555807919401,crazing,crazing
30,/home/eeeyyyfann/Codes/my_practice/dataset/NEU-DET/validation/images/crazing/crazing_271.jpg,0,0,1,1.1445544248516273,crazing,crazing
31,/home/eeeyyyfann/Codes/my_practice/dataset/NEU-DET/validation/images/crazing/crazing_272.jpg,0,0,1,0.06758844924124448,crazing,crazing
32,/home/eeeyyyfann/Codes/my_practice/dataset/NEU-DET/validation/images/crazing/crazing_273.jpg,0,0,1,2.0036340646888866,crazing,crazing
33,/home/eeeyyyfann/Codes/my_practice/dataset/NEU-DET/validation/images/crazing/crazing_274.jpg,0,0,1,0.7087928665667268,crazing,crazing
34,/home/eeeyyyfann/Codes/my_practice/dataset/NEU-DET/validation/images/crazing/crazing_275.jpg,0,0,1,0.46843612649765365,crazing,crazing
35,/home/eeeyyyfann/Codes/my_practice/dataset/NEU-DET/validation/images/crazing/crazing_276.jpg,0,0,1,1.32092944173232,crazing,crazing
36,/home/eeeyyyfann/Codes/my_practice/dataset/NEU-DET/validation/images/crazing/crazing_277.jpg,0,0,1,1.0039134237166667,crazing,crazing
37,/home/eeeyyyfann/Codes/my_practice/dataset/NEU-DET/validation/images/crazing/crazing_278.jpg,0,0,1,0.29505903338321887,crazing,crazing
38,/home/eeeyyyfann/Codes/my_practice/dataset/NEU-DET/validation/images/crazing/crazing_279.jpg,0,0,1,1.735302106363009,crazing,crazing
39,/home/eeeyyyfann/Codes/my_practice/dataset/NEU-DET/validation/images/crazing/crazing_280.jpg,0,0,1,0.13763968640186083,crazing,crazing
40,/home/eeeyyyfann/Codes/my_practice/dataset/NEU-DET/validation/images/crazing/crazing_281.jpg,0,0,1,0.5455334606989568,crazing,crazing
41,/home/eeeyyyfann/Codes/my_practice/dataset/NEU-DET/validation/images/crazing/crazing_282.jpg,0,0,1,1.1349828885299373,crazing,crazing
42,/home/eeeyyyfann/Codes/my_practice/dataset/NEU-DET/validation/images/crazing/crazing_283.jpg,0,0,1,0.5325867095305302,crazing,crazing
43,/home/eeeyyyfann/Codes/my_practice/dataset/NEU-DET/validation/images/crazing/crazing_284.jpg,0,0,1,0.5939223614108454,crazing,crazing
44,/home/eeeyyyfann/Codes/my_practice/dataset/NEU-DET/validation/images/crazing/crazing_285.jpg,0,0,1,0.9088400408557012,crazing,crazing
45,/home/eeeyyyfann/Codes/my_practice/dataset/NEU-DET/validation/images/crazing/crazing_286.jpg,0,0,1,0.9562658953167125,crazing,crazing
46,/home/eeeyyyfann/Codes/my_practice/dataset/NEU-DET/validation/images/crazing/crazing_287.jpg,0,0,1,0.7247917874777174,crazing,crazing
47,/home/eeeyyyfann/Codes/my_practice/dataset/NEU-DET/validation/images/crazing/crazing_288.jpg,0,0,1,0.8059267298937716,crazing,crazing
48,/home/eeeyyyfann/Codes/my_practice/dataset/NEU-DET/validation/images/crazing/crazing_289.jpg,0,0,1,1.1165197205991364,crazing,crazing
49,/home/eeeyyyfann/Codes/my_practice/dataset/NEU-DET/validation/images/crazing/crazing_290.jpg,0,0,1,0.8234867145081085,crazing,crazing
50,/home/eeeyyyfann/Codes/my_practice/dataset/NEU-DET/validation/images/crazing/crazing_291.jpg,0,0,1,0.18080505603177174,crazing,crazing
51,/home/eeeyyyfann/Codes/my_practice/dataset/NEU-DET/validation/images/crazing/crazing_292.jpg,0,0,1,1.0576372636212916,crazing,crazing
52,/home/eeeyyyfann/Codes/my_practice/dataset/NEU-DET/validation/images/crazing/crazing_293.jpg,0,0,1,1.0030447008942676,crazing,crazing
53,/home/eeeyyyfann/Codes/my_practice/dataset/NEU-DET/validation/images/crazing/crazing_294.jpg,0,0,1,1.8448093568831074,crazing,crazing
54,/home/eeeyyyfann/Codes/my_practice/dataset/NEU-DET/validation/images/crazing/crazing_295.jpg,0,0,1,0.5353729155827168,crazing,crazing
55,/home/eeeyyyfann/Codes/my_practice/dataset/NEU-DET/validation/images/crazing/crazing_296.jpg,0,0,1,0.2733323084305407,crazing,crazing
56,/home/eeeyyyfann/Codes/my_practice/dataset/NEU-DET/validation/images/crazing/crazing_297.jpg,0,0,1,0.610195873349085,crazing,crazing
57,/home/eeeyyyfann/Codes/my_practice/dataset/NEU-DET/validation/images/crazing/crazing_298.jpg,0,0,1,0.05009269035740661,crazing,crazing
58,/home/eeeyyyfann/Codes/my_practice/dataset/NEU-DET/validation/images/crazing/crazing_299.jpg,0,0,1,1.1100930117969188,crazing,crazing
59,/home/eeeyyyfann/Codes/my_practice/dataset/NEU-DET/validation/images/crazing/crazing_300.jpg,0,0,1,0.17652511023346318,crazing,crazing
60,/home/eeeyyyfann/Codes/my_practice/dataset/NEU-DET/validation/images/inclusion/inclusion_241.jpg,1,3,0,9.945787472287673,inclusion,pitted_surface
61,/home/eeeyyyfann/Codes/my_practice/dataset/NEU-DET/validation/images/inclusion/inclusion_242.jpg,1,3,0,9.602660727871006,inclusion,pitted_surface
62,/home/eeeyyyfann/Codes/my_practice/dataset/NEU-DET/validation/images/inclusion/inclusion_243.jpg,1,3,0,12.653106834056313,inclusion,pitted_surface
63,/home/eeeyyyfann/Codes/my_practice/dataset/NEU-DET/validation/images/inclusion/inclusion_244.jpg,1,3,0,14.26730499204737,inclusion,pitted_surface
64,/home/eeeyyyfann/Codes/my_practice/dataset/NEU-DET/validation/images/inclusion/inclusion_245.jpg,1,1,1,1.4676149302910986,inclusion,inclusion
65,/home/eeeyyyfann/Codes/my_practice/dataset/NEU-DET/validation/images/inclusion/inclusion_246.jpg,1,1,1,1.069185484516759,inclusion,inclusion
66,/home/eeeyyyfann/Codes/my_practice/dataset/NEU-DET/validation/images/inclusion/inclusion_247.jpg,1,1,1,1.16178543023626,inclusion,inclusion
67,/home/eeeyyyfann/Codes/my_practice/dataset/NEU-DET/validation/images/inclusion/inclusion_248.jpg,1,3,0,9.63680981623704,inclusion,pitted_surface
68,/home/eeeyyyfann/Codes/my_practice/dataset/NEU-DET/validation/images/inclusion/inclusion_249.jpg,1,3,0,9.022985822884603,inclusion,pitted_surface
69,/home/eeeyyyfann/Codes/my_practice/dataset/NEU-DET/validation/images/inclusion/inclusion_250.jpg,1,3,0,10.887728189743616,inclusion,pitted_surface
70,/home/eeeyyyfann/Codes/my_practice/dataset/NEU-DET/validation/images/inclusion/inclusion_251.jpg,1,3,0,6.221648611487001,inclusion,pitted_surface
71,/home/eeeyyyfann/Codes/my_practice/dataset/NEU-DET/validation/images/inclusion/inclusion_252.jpg,1,1,1,1.0464834025944987,inclusion,inclusion
72,/home/eeeyyyfann/Codes/my_practice/dataset/NEU-DET/validation/images/inclusion/inclusion_253.jpg,1,1,1,0.4772502429643771,inclusion,inclusion
73,/home/eeeyyyfann/Codes/my_practice/dataset/NEU-DET/validation/images/inclusion/inclusion_254.jpg,1,3,0,8.30656450905381,inclusion,pitted_surface
74,/home/eeeyyyfann/Codes/my_practice/dataset/NEU-DET/validation/images/inclusion/inclusion_255.jpg,1,3,0,10.178169820549702,inclusion,pitted_surface
75,/home/eeeyyyfann/Codes/my_practice/dataset/NEU-DET/validation/images/inclusion/inclusion_256.jpg,1,3,0,7.17237957719188,inclusion,pitted_surface
76,/home/eeeyyyfann/Codes/my_practice/dataset/NEU-DET/validation/images/inclusion/inclusion_257.jpg,1,1,1,1.1526825091473654,inclusion,inclusion
77,/home/eeeyyyfann/Codes/my_practice/dataset/NEU-DET/validation/images/inclusion/inclusion_258.jpg,1,1,1,0.28564515494779047,inclusion,inclusion
78,/home/eeeyyyfann/Codes/my_practice/dataset/NEU-DET/validation/images/inclusion/inclusion_259.jpg,1,1,1,0.5563155280502912,inclusion,inclusion
79,/home/eeeyyyfann/Codes/my_practice/dataset/NEU-DET/validation/images/inclusion/inclusion_260.jpg,1,1,1,1.2493067008805407,inclusion,inclusion
80,/home/eeeyyyfann/Codes/my_practice/dataset/NEU-DET/validation/images/inclusion/inclusion_261.jpg,1,1,1,0.6953823293054001,inclusion,inclusion
81,/home/eeeyyyfann/Codes/my_practice/dataset/NEU-DET/validation/images/inclusion/inclusion_262.jpg,1,1,1,1.191893515215279,inclusion,inclusion
82,/home/eeeyyyfann/Codes/my_practice/dataset/NEU-DET/validation/images/inclusion/inclusion_263.jpg,1,1,1,0.5176028600339175,inclusion,inclusion
83,/home/eeeyyyfann/Codes/my_practice/dataset/NEU-DET/validation/images/inclusion/inclusion_264.jpg,1,5,0,14.586323014654024,inclusion,scratches
84,/home/eeeyyyfann/Codes/my_practice/dataset/NEU-DET/validation/images/inclusion/inclusion_265.jpg,1,1,1,0.8139549954507074,inclusion,inclusion
85,/home/eeeyyyfann/Codes/my_practice/dataset/NEU-DET/validation/images/inclusion/inclusion_266.jpg,1,1,1,0.5119036654209849,inclusion,inclusion
86,/home/eeeyyyfann/Codes/my_practice/dataset/NEU-DET/validation/images/inclusion/inclusion_267.jpg,1,1,1,0.6955171418224582,inclusion,inclusion
87,/home/eeeyyyfann/Codes/my_practice/dataset/NEU-DET/validation/images/inclusion/inclusion_268.jpg,1,1,1,1.4233759372497345,inclusion,inclusion
88,/home/eeeyyyfann/Codes/my_practice/dataset/NEU-DET/validation/images/inclusion/inclusion_269.jpg,1,1,1,1.3075024094520595,inclusion,inclusion
89,/home/eeeyyyfann/Codes/my_practice/dataset/NEU-DET/validation/images/inclusion/inclusion_270.jpg,1,1,1,1.0450427230351842,inclusion,inclusion
90,/home/eeeyyyfann/Codes/my_practice/dataset/NEU-DET/validation/images/inclusion/inclusion_271.jpg,1,1,1,1.5541509378935074,inclusion,inclusion
91,/home/eeeyyyfann/Codes/my_practice/dataset/NEU-DET/validation/images/inclusion/inclusion_272.jpg,1,1,1,1.1842182232834502,inclusion,inclusion
92,/home/eeeyyyfann/Codes/my_practice/dataset/NEU-DET/validation/images/inclusion/inclusion_273.jpg,1,1,1,0.47723274190300896,inclusion,inclusion
93,/home/eeeyyyfann/Codes/my_practice/dataset/NEU-DET/validation/images/inclusion/inclusion_274.jpg,1,1,1,0.45298625772167733,inclusion,inclusion
94,/home/eeeyyyfann/Codes/my_practice/dataset/NEU-DET/validation/images/inclusion/inclusion_275.jpg,1,1,1,0.6667788196563328,inclusion,inclusion
95,/home/eeeyyyfann/Codes/my_practice/dataset/NEU-DET/validation/images/inclusion/inclusion_276.jpg,1,1,1,1.0431610543774439,inclusion,inclusion
96,/home/eeeyyyfann/Codes/my_practice/dataset/NEU-DET/validation/images/inclusion/inclusion_277.jpg,1,1,1,0.1507109251714696,inclusion,inclusion
97,/home/eeeyyyfann/Codes/my_practice/dataset/NEU-DET/validation/images/inclusion/inclusion_278.jpg,1,1,1,1.3679736546329795,inclusion,inclusion
98,/home/eeeyyyfann/Codes/my_practice/dataset/NEU-DET/validation/images/inclusion/inclusion_279.jpg,1,1,1,1.4541736648172945,inclusion,inclusion
99,/home/eeeyyyfann/Codes/my_practice/dataset/NEU-DET/validation/images/inclusion/inclusion_280.jpg,1,1,1,0.5543236816571541,inclusion,inclusion
100,/home/eeeyyyfann/Codes/my_practice/dataset/NEU-DET/validation/images/inclusion/inclusion_281.jpg,1,1,1,0.7048440871778646,inclusion,inclusion
101,/home/eeeyyyfann/Codes/my_practice/dataset/NEU-DET/validation/images/inclusion/inclusion_282.jpg,1,5,0,11.486302738885565,inclusion,scratches
102,/home/eeeyyyfann/Codes/my_practice/dataset/NEU-DET/validation/images/inclusion/inclusion_283.jpg,1,5,0,8.13351150006575,inclusion,scratches
103,/home/eeeyyyfann/Codes/my_practice/dataset/NEU-DET/validation/images/inclusion/inclusion_284.jpg,1,5,0,12.33150573169236,inclusion,scratches
104,/home/eeeyyyfann/Codes/my_practice/dataset/NEU-DET/validation/images/inclusion/inclusion_285.jpg,1,1,1,2.12646047378006,inclusion,inclusion
105,/home/eeeyyyfann/Codes/my_practice/dataset/NEU-DET/validation/images/inclusion/inclusion_286.jpg,1,5,0,9.365695371261731,inclusion,scratches
106,/home/eeeyyyfann/Codes/my_practice/dataset/NEU-DET/validation/images/inclusion/inclusion_287.jpg,1,5,0,10.335479444359256,inclusion,scratches
107,/home/eeeyyyfann/Codes/my_practice/dataset/NEU-DET/validation/images/inclusion/inclusion_288.jpg,1,1,1,1.3033039973388416,inclusion,inclusion
108,/home/eeeyyyfann/Codes/my_practice/dataset/NEU-DET/validation/images/inclusion/inclusion_289.jpg,1,5,0,10.223454409751806,inclusion,scratches
109,/home/eeeyyyfann/Codes/my_practice/dataset/NEU-DET/validation/images/inclusion/inclusion_290.jpg,1,1,1,0.04166303228994118,inclusion,inclusion
110,/home/eeeyyyfann/Codes/my_practice/dataset/NEU-DET/validation/images/inclusion/inclusion_291.jpg,1,1,1,1.3955068040960523,inclusion,inclusion
111,/home/eeeyyyfann/Codes/my_practice/dataset/NEU-DET/validation/images/inclusion/inclusion_292.jpg,1,5,0,14.635355005481813,inclusion,scratches
112,/home/eeeyyyfann/Codes/my_practice/dataset/NEU-DET/validation/images/inclusion/inclusion_293.jpg,1,1,1,1.2218578971289284,inclusion,inclusion
113,/home/eeeyyyfann/Codes/my_practice/dataset/NEU-DET/validation/images/inclusion/inclusion_294.jpg,1,1,1,0.8052924159787959,inclusion,inclusion
114,/home/eeeyyyfann/Codes/my_practice/dataset/NEU-DET/validation/images/inclusion/inclusion_295.jpg,1,1,1,0.4236970760596727,inclusion,inclusion
115,/home/eeeyyyfann/Codes/my_practice/dataset/NEU-DET/validation/images/inclusion/inclusion_296.jpg,1,1,1,0.6495937670710369,inclusion,inclusion
116,/home/eeeyyyfann/Codes/my_practice/dataset/NEU-DET/validation/images/inclusion/inclusion_297.jpg,1,3,0,6.401629900029794,inclusion,pitted_surface
117,/home/eeeyyyfann/Codes/my_practice/dataset/NEU-DET/validation/images/inclusion/inclusion_298.jpg,1,1,1,0.5911001893750034,inclusion,inclusion
118,/home/eeeyyyfann/Codes/my_practice/dataset/NEU-DET/validation/images/inclusion/inclusion_299.jpg,1,1,1,0.32100653252481964,inclusion,inclusion
119,/home/eeeyyyfann/Codes/my_practice/dataset/NEU-DET/validation/images/inclusion/inclusion_300.jpg,1,1,1,0.6168354016517957,inclusion,inclusion
120,/home/eeeyyyfann/Codes/my_practice/dataset/NEU-DET/validation/images/patches/patches_241.jpg,2,2,1,0.4931930461764455,patches,patches
121,/home/eeeyyyfann/Codes/my_practice/dataset/NEU-DET/validation/images/patches/patches_242.jpg,2,2,1,0.7432617200140839,patches,patches
122,/home/eeeyyyfann/Codes/my_practice/dataset/NEU-DET/validation/images/patches/patches_243.jpg,2,2,1,0.4464723026620034,patches,patches
123,/home/eeeyyyfann/Codes/my_practice/dataset/NEU-DET/validation/images/patches/patches_244.jpg,2,2,1,0.12200309524818309,patches,patches
124,/home/eeeyyyfann/Codes/my_practice/dataset/NEU-DET/validation/images/patches/patches_245.jpg,2,2,1,1.0573295065903627,patches,patches
125,/home/eeeyyyfann/Codes/my_practice/dataset/NEU-DET/validation/images/patches/patches_246.jpg,2,2,1,0.15431052617168353,patches,patches
126,/home/eeeyyyfann/Codes/my_practice/dataset/NEU-DET/validation/images/patches/patches_247.jpg,2,2,1,0.43378738673120937,patches,patches
127,/home/eeeyyyfann/Codes/my_practice/dataset/NEU-DET/validation/images/patches/patches_248.jpg,2,2,1,1.2865594094986874,patches,patches
128,/home/eeeyyyfann/Codes/my_practice/dataset/NEU-DET/validation/images/patches/patches_249.jpg,2,2,1,1.088836989171012,patches,patches
129,/home/eeeyyyfann/Codes/my_practice/dataset/NEU-DET/validation/images/patches/patches_250.jpg,2,2,1,0.7680472190941433,patches,patches
130,/home/eeeyyyfann/Codes/my_practice/dataset/NEU-DET/validation/images/patches/patches_251.jpg,2,2,1,0.72317681050163,patches,patches
131,/home/eeeyyyfann/Codes/my_practice/dataset/NEU-DET/validation/images/patches/patches_252.jpg,2,2,1,0.37912445804844247,patches,patches
132,/home/eeeyyyfann/Codes/my_practice/dataset/NEU-DET/validation/images/patches/patches_253.jpg,2,2,1,1.2648682921721826,patches,patches
133,/home/eeeyyyfann/Codes/my_practice/dataset/NEU-DET/validation/images/patches/patches_254.jpg,2,2,1,0.5598695303401721,patches,patches
134,/home/eeeyyyfann/Codes/my_practice/dataset/NEU-DET/validation/images/patches/patches_255.jpg,2,2,1,0.6335533942229428,patches,patches
135,/home/eeeyyyfann/Codes/my_practice/dataset/NEU-DET/validation/images/patches/patches_256.jpg,2,2,1,2.372507533010626,patches,patches
136,/home/eeeyyyfann/Codes/my_practice/dataset/NEU-DET/validation/images/patches/patches_257.jpg,2,2,1,1.564485910282607,patches,patches
137,/home/eeeyyyfann/Codes/my_practice/dataset/NEU-DET/validation/images/patches/patches_258.jpg,2,2,1,0.05409843001561105,patches,patches
138,/home/eeeyyyfann/Codes/my_practice/dataset/NEU-DET/validation/images/patches/patches_259.jpg,2,2,1,0.5255164094014333,patches,patches
139,/home/eeeyyyfann/Codes/my_practice/dataset/NEU-DET/validation/images/patches/patches_260.jpg,2,2,1,1.9784395863252093,patches,patches
140,/home/eeeyyyfann/Codes/my_practice/dataset/NEU-DET/validation/images/patches/patches_261.jpg,2,2,1,0.5517176366462174,patches,patches
141,/home/eeeyyyfann/Codes/my_practice/dataset/NEU-DET/validation/images/patches/patches_262.jpg,2,2,1,0.9025442231209095,patches,patches
142,/home/eeeyyyfann/Codes/my_practice/dataset/NEU-DET/validation/images/patches/patches_263.jpg,2,2,1,0.01581145275103759,patches,patches
143,/home/eeeyyyfann/Codes/my_practice/dataset/NEU-DET/validation/images/patches/patches_264.jpg,2,2,1,1.255266299334523,patches,patches
144,/home/eeeyyyfann/Codes/my_practice/dataset/NEU-DET/validation/images/patches/patches_265.jpg,2,2,1,1.0279619998566685,patches,patches
145,/home/eeeyyyfann/Codes/my_practice/dataset/NEU-DET/validation/images/patches/patches_266.jpg,2,2,1,0.4894552242927298,patches,patches
146,/home/eeeyyyfann/Codes/my_practice/dataset/NEU-DET/validation/images/patches/patches_267.jpg,2,2,1,0.5835703817760385,patches,patches
147,/home/eeeyyyfann/Codes/my_practice/dataset/NEU-DET/validation/images/patches/patches_268.jpg,2,2,1,1.0583817625089247,patches,patches
148,/home/eeeyyyfann/Codes/my_practice/dataset/NEU-DET/validation/images/patches/patches_269.jpg,2,2,1,0.8534678540367399,patches,patches
149,/home/eeeyyyfann/Codes/my_practice/dataset/NEU-DET/validation/images/patches/patches_270.jpg,2,2,1,1.2614831667089732,patches,patches
150,/home/eeeyyyfann/Codes/my_practice/dataset/NEU-DET/validation/images/patches/patches_271.jpg,2,2,1,1.7129876769493149,patches,patches
151,/home/eeeyyyfann/Codes/my_practice/dataset/NEU-DET/validation/images/patches/patches_272.jpg,2,2,1,0.6996381382706529,patches,patches
152,/home/eeeyyyfann/Codes/my_practice/dataset/NEU-DET/validation/images/patches/patches_273.jpg,2,2,1,0.6367196313488946,patches,patches
153,/home/eeeyyyfann/Codes/my_practice/dataset/NEU-DET/validation/images/patches/patches_274.jpg,2,2,1,0.3850583221382736,patches,patches
154,/home/eeeyyyfann/Codes/my_practice/dataset/NEU-DET/validation/images/patches/patches_275.jpg,2,2,1,0.531429325388875,patches,patches
155,/home/eeeyyyfann/Codes/my_practice/dataset/NEU-DET/validation/images/patches/patches_276.jpg,2,2,1,0.1613411562089301,patches,patches
156,/home/eeeyyyfann/Codes/my_practice/dataset/NEU-DET/validation/images/patches/patches_277.jpg,2,2,1,0.8176481038514545,patches,patches
157,/home/eeeyyyfann/Codes/my_practice/dataset/NEU-DET/validation/images/patches/patches_278.jpg,2,2,1,1.394784520281807,patches,patches
158,/home/eeeyyyfann/Codes/my_practice/dataset/NEU-DET/validation/images/patches/patches_279.jpg,2,2,1,1.2949495895109497,patches,patches
159,/home/eeeyyyfann/Codes/my_practice/dataset/NEU-DET/validation/images/patches/patches_280.jpg,2,2,1,1.2317418207569737,patches,patches
160,/home/eeeyyyfann/Codes/my_practice/dataset/NEU-DET/validation/images/patches/patches_281.jpg,2,2,1,0.2810047902613415,patches,patches
161,/home/eeeyyyfann/Codes/my_practice/dataset/NEU-DET/validation/images/patches/patches_282.jpg,2,2,1,1.515972882306996,patches,patches
162,/home/eeeyyyfann/Codes/my_practice/dataset/NEU-DET/validation/images/patches/patches_283.jpg,2,2,1,1.984748999531691,patches,patches
163,/home/eeeyyyfann/Codes/my_practice/dataset/NEU-DET/validation/images/patches/patches_284.jpg,2,2,1,0.14517321711487913,patches,patches
164,/home/eeeyyyfann/Codes/my_practice/dataset/NEU-DET/validation/images/patches/patches_285.jpg,2,2,1,0.6691061713839295,patches,patches
165,/home/eeeyyyfann/Codes/my_practice/dataset/NEU-DET/validation/images/patches/patches_286.jpg,2,2,1,0.8146284118007119,patches,patches
166,/home/eeeyyyfann/Codes/my_practice/dataset/NEU-DET/validation/images/patches/patches_287.jpg,2,2,1,1.4581423048932984,patches,patches
167,/home/eeeyyyfann/Codes/my_practice/dataset/NEU-DET/validation/images/patches/patches_288.jpg,2,2,1,0.12051361001267114,patches,patches
168,/home/eeeyyyfann/Codes/my_practice/dataset/NEU-DET/validation/images/patches/patches_289.jpg,2,2,1,1.4095959795591129,patches,patches
169,/home/eeeyyyfann/Codes/my_practice/dataset/NEU-DET/validation/images/patches/patches_290.jpg,2,2,1,0.6367032730226126,patches,patches
170,/home/eeeyyyfann/Codes/my_practice/dataset/NEU-DET/validation/images/patches/patches_291.jpg,2,2,1,1.1235798671190422,patches,patches
171,/home/eeeyyyfann/Codes/my_practice/dataset/NEU-DET/validation/images/patches/patches_292.jpg,2,2,1,0.8255942132030412,patches,patches
172,/home/eeeyyyfann/Codes/my_practice/dataset/NEU-DET/validation/images/patches/patches_293.jpg,2,2,1,0.8792274105755588,patches,patches
173,/home/eeeyyyfann/Codes/my_practice/dataset/NEU-DET/validation/images/patches/patches_294.jpg,2,2,1,0.9583870458397439,patches,patches
174,/home/eeeyyyfann/Codes/my_practice/dataset/NEU-DET/validation/images/patches/patches_295.jpg,2,2,1,1.144400469290335,patches,patches
175,/home/eeeyyyfann/Codes/my_practice/dataset/NEU-DET/validation/images/patches/patches_296.jpg,2,2,1,1.4800781802876417,patches,patches
176,/home/eeeyyyfann/Codes/my_practice/dataset/NEU-DET/validation/images/patches/patches_297.jpg,2,2,1,0.10917358089206099,patches,patches
177,/home/eeeyyyfann/Codes/my_practice/dataset/NEU-DET/validation/images/patches/patches_298.jpg,2,2,1,0.773427343006886,patches,patches
178,/home/eeeyyyfann/Codes/my_practice/dataset/NEU-DET/validation/images/patches/patches_299.jpg,2,2,1,1.170657245768465,patches,patches
179,/home/eeeyyyfann/Codes/my_practice/dataset/NEU-DET/validation/images/patches/patches_300.jpg,2,2,1,0.1199445021729612,patches,patches
180,/home/eeeyyyfann/Codes/my_practice/dataset/NEU-DET/validation/images/pitted_surface/pitted_surface_241.jpg,3,3,1,0.644483070925509,pitted_surface,pitted_surface
181,/home/eeeyyyfann/Codes/my_practice/dataset/NEU-DET/validation/images/pitted_surface/pitted_surface_242.jpg,3,3,1,0.5384083816878708,pitted_surface,pitted_surface
182,/home/eeeyyyfann/Codes/my_practice/dataset/NEU-DET/validation/images/pitted_surface/pitted_surface_243.jpg,3,3,1,1.2778489236561354,pitted_surface,pitted_surface
183,/home/eeeyyyfann/Codes/my_practice/dataset/NEU-DET/validation/images/pitted_surface/pitted_surface_244.jpg,3,3,1,0.5731452099841241,pitted_surface,pitted_surface
184,/home/eeeyyyfann/Codes/my_practice/dataset/NEU-DET/validation/images/pitted_surface/pitted_surface_245.jpg,3,3,1,0.17957659508528442,pitted_surface,pitted_surface
185,/home/eeeyyyfann/Codes/my_practice/dataset/NEU-DET/validation/images/pitted_surface/pitted_surface_246.jpg,3,3,1,1.519933497809117,pitted_surface,pitted_surface
186,/home/eeeyyyfann/Codes/my_practice/dataset/NEU-DET/validation/images/pitted_surface/pitted_surface_247.jpg,3,3,1,0.5284057871736757,pitted_surface,pitted_surface
187,/home/eeeyyyfann/Codes/my_practice/dataset/NEU-DET/validation/images/pitted_surface/pitted_surface_248.jpg,3,3,1,1.0340475965425784,pitted_surface,pitted_surface
188,/home/eeeyyyfann/Codes/my_practice/dataset/NEU-DET/validation/images/pitted_surface/pitted_surface_249.jpg,3,3,1,0.6961298682516491,pitted_surface,pitted_surface
189,/home/eeeyyyfann/Codes/my_practice/dataset/NEU-DET/validation/images/pitted_surface/pitted_surface_250.jpg,3,3,1,0.4672829068829325,pitted_surface,pitted_surface
190,/home/eeeyyyfann/Codes/my_practice/dataset/NEU-DET/validation/images/pitted_surface/pitted_surface_251.jpg,3,3,1,0.9663919558172127,pitted_surface,pitted_surface
191,/home/eeeyyyfann/Codes/my_practice/dataset/NEU-DET/validation/images/pitted_surface/pitted_surface_252.jpg,3,3,1,0.12341459557531854,pitted_surface,pitted_surface
192,/home/eeeyyyfann/Codes/my_practice/dataset/NEU-DET/validation/images/pitted_surface/pitted_surface_253.jpg,3,3,1,1.7248095460427386,pitted_surface,pitted_surface
193,/home/eeeyyyfann/Codes/my_practice/dataset/NEU-DET/validation/images/pitted_surface/pitted_surface_254.jpg,3,3,1,0.6130231319177882,pitted_surface,pitted_surface
194,/home/eeeyyyfann/Codes/my_practice/dataset/NEU-DET/validation/images/pitted_surface/pitted_surface_255.jpg,3,3,1,0.01588305667977116,pitted_surface,pitted_surface
195,/home/eeeyyyfann/Codes/my_practice/dataset/NEU-DET/validation/images/pitted_surface/pitted_surface_256.jpg,3,3,1,0.9015322462837331,pitted_surface,pitted_surface
196,/home/eeeyyyfann/Codes/my_practice/dataset/NEU-DET/validation/images/pitted_surface/pitted_surface_257.jpg,3,3,1,0.3644122612228203,pitted_surface,pitted_surface
197,/home/eeeyyyfann/Codes/my_practice/dataset/NEU-DET/validation/images/pitted_surface/pitted_surface_258.jpg,3,3,1,0.9290452786381916,pitted_surface,pitted_surface
198,/home/eeeyyyfann/Codes/my_practice/dataset/NEU-DET/validation/images/pitted_surface/pitted_surface_259.jpg,3,3,1,0.3766460528426236,pitted_surface,pitted_surface
199,/home/eeeyyyfann/Codes/my_practice/dataset/NEU-DET/validation/images/pitted_surface/pitted_surface_260.jpg,3,3,1,0.33804261807353697,pitted_surface,pitted_surface
200,/home/eeeyyyfann/Codes/my_practice/dataset/NEU-DET/validation/images/pitted_surface/pitted_surface_261.jpg,3,3,1,1.2559177580390954,pitted_surface,pitted_surface
201,/home/eeeyyyfann/Codes/my_practice/dataset/NEU-DET/validation/images/pitted_surface/pitted_surface_262.jpg,3,3,1,0.1462475668369585,pitted_surface,pitted_surface
202,/home/eeeyyyfann/Codes/my_practice/dataset/NEU-DET/validation/images/pitted_surface/pitted_surface_263.jpg,3,3,1,1.163995377726586,pitted_surface,pitted_surface
203,/home/eeeyyyfann/Codes/my_practice/dataset/NEU-DET/validation/images/pitted_surface/pitted_surface_264.jpg,3,3,1,1.3865216084288505,pitted_surface,pitted_surface
204,/home/eeeyyyfann/Codes/my_practice/dataset/NEU-DET/validation/images/pitted_surface/pitted_surface_265.jpg,3,3,1,0.3769254594046942,pitted_surface,pitted_surface
205,/home/eeeyyyfann/Codes/my_practice/dataset/NEU-DET/validation/images/pitted_surface/pitted_surface_266.jpg,3,3,1,2.181126559693273,pitted_surface,pitted_surface
206,/home/eeeyyyfann/Codes/my_practice/dataset/NEU-DET/validation/images/pitted_surface/pitted_surface_267.jpg,3,3,1,0.8765350885621642,pitted_surface,pitted_surface
207,/home/eeeyyyfann/Codes/my_practice/dataset/NEU-DET/validation/images/pitted_surface/pitted_surface_268.jpg,3,3,1,0.03941279885199719,pitted_surface,pitted_surface
208,/home/eeeyyyfann/Codes/my_practice/dataset/NEU-DET/validation/images/pitted_surface/pitted_surface_269.jpg,3,3,1,0.6564722577987996,pitted_surface,pitted_surface
209,/home/eeeyyyfann/Codes/my_practice/dataset/NEU-DET/validation/images/pitted_surface/pitted_surface_270.jpg,3,3,1,1.493050163786925,pitted_surface,pitted_surface
210,/home/eeeyyyfann/Codes/my_practice/dataset/NEU-DET/validation/images/pitted_surface/pitted_surface_271.jpg,3,3,1,0.17280399942628014,pitted_surface,pitted_surface
211,/home/eeeyyyfann/Codes/my_practice/dataset/NEU-DET/validation/images/pitted_surface/pitted_surface_272.jpg,3,3,1,1.1871063143669134,pitted_surface,pitted_surface
212,/home/eeeyyyfann/Codes/my_practice/dataset/NEU-DET/validation/images/pitted_surface/pitted_surface_273.jpg,3,3,1,0.7956425719665365,pitted_surface,pitted_surface
213,/home/eeeyyyfann/Codes/my_practice/dataset/NEU-DET/validation/images/pitted_surface/pitted_surface_274.jpg,3,3,1,0.6749159988290538,pitted_surface,pitted_surface
214,/home/eeeyyyfann/Codes/my_practice/dataset/NEU-DET/validation/images/pitted_surface/pitted_surface_275.jpg,3,3,1,0.42388923462772543,pitted_surface,pitted_surface
215,/home/eeeyyyfann/Codes/my_practice/dataset/NEU-DET/validation/images/pitted_surface/pitted_surface_276.jpg,3,3,1,2.229217847859865,pitted_surface,pitted_surface
216,/home/eeeyyyfann/Codes/my_practice/dataset/NEU-DET/validation/images/pitted_surface/pitted_surface_277.jpg,3,3,1,0.15639403008775957,pitted_surface,pitted_surface
217,/home/eeeyyyfann/Codes/my_practice/dataset/NEU-DET/validation/images/pitted_surface/pitted_surface_278.jpg,3,3,1,0.35925290304842356,pitted_surface,pitted_surface
218,/home/eeeyyyfann/Codes/my_practice/dataset/NEU-DET/validation/images/pitted_surface/pitted_surface_279.jpg,3,1,0,11.104545490651036,pitted_surface,inclusion
219,/home/eeeyyyfann/Codes/my_practice/dataset/NEU-DET/validation/images/pitted_surface/pitted_surface_280.jpg,3,1,0,8.809696124523144,pitted_surface,inclusion
220,/home/eeeyyyfann/Codes/my_practice/dataset/NEU-DET/validation/images/pitted_surface/pitted_surface_281.jpg,3,3,1,1.2652472120389766,pitted_surface,pitted_surface
221,/home/eeeyyyfann/Codes/my_practice/dataset/NEU-DET/validation/images/pitted_surface/pitted_surface_282.jpg,3,1,0,10.746806372709077,pitted_surface,inclusion
222,/home/eeeyyyfann/Codes/my_practice/dataset/NEU-DET/validation/images/pitted_surface/pitted_surface_283.jpg,3,3,1,0.06033336732449536,pitted_surface,pitted_surface
223,/home/eeeyyyfann/Codes/my_practice/dataset/NEU-DET/validation/images/pitted_surface/pitted_surface_284.jpg,3,3,1,0.6282376997165839,pitted_surface,pitted_surface
224,/home/eeeyyyfann/Codes/my_practice/dataset/NEU-DET/validation/images/pitted_surface/pitted_surface_285.jpg,3,3,1,0.14088336923842598,pitted_surface,pitted_surface
225,/home/eeeyyyfann/Codes/my_practice/dataset/NEU-DET/validation/images/pitted_surface/pitted_surface_286.jpg,3,3,1,0.7455665626411775,pitted_surface,pitted_surface
226,/home/eeeyyyfann/Codes/my_practice/dataset/NEU-DET/validation/images/pitted_surface/pitted_surface_287.jpg,3,3,1,0.048019676343150935,pitted_surface,pitted_surface
227,/home/eeeyyyfann/Codes/my_practice/dataset/NEU-DET/validation/images/pitted_surface/pitted_surface_288.jpg,3,3,1,0.24196986609307558,pitted_surface,pitted_surface
228,/home/eeeyyyfann/Codes/my_practice/dataset/NEU-DET/validation/images/pitted_surface/pitted_surface_289.jpg,3,3,1,0.37481914581031983,pitted_surface,pitted_surface
229,/home/eeeyyyfann/Codes/my_practice/dataset/NEU-DET/validation/images/pitted_surface/pitted_surface_290.jpg,3,3,1,2.2403973530287433,pitted_surface,pitted_surface
230,/home/eeeyyyfann/Codes/my_practice/dataset/NEU-DET/validation/images/pitted_surface/pitted_surface_291.jpg,3,3,1,0.5677326031585295,pitted_surface,pitted_surface
231,/home/eeeyyyfann/Codes/my_practice/dataset/NEU-DET/validation/images/pitted_surface/pitted_surface_292.jpg,3,3,1,0.22278493055487572,pitted_surface,pitted_surface
232,/home/eeeyyyfann/Codes/my_practice/dataset/NEU-DET/validation/images/pitted_surface/pitted_surface_293.jpg,3,3,1,0.0974585579971399,pitted_surface,pitted_surface
233,/home/eeeyyyfann/Codes/my_practice/dataset/NEU-DET/validation/images/pitted_surface/pitted_surface_294.jpg,3,3,1,0.9176319506562148,pitted_surface,pitted_surface
234,/home/eeeyyyfann/Codes/my_practice/dataset/NEU-DET/validation/images/pitted_surface/pitted_surface_295.jpg,3,3,1,2.4503568719792947,pitted_surface,pitted_surface
235,/home/eeeyyyfann/Codes/my_practice/dataset/NEU-DET/validation/images/pitted_surface/pitted_surface_296.jpg,3,3,1,0.7499190742191714,pitted_surface,pitted_surface
236,/home/eeeyyyfann/Codes/my_practice/dataset/NEU-DET/validation/images/pitted_surface/pitted_surface_297.jpg,3,3,1,1.0153621254288154,pitted_surface,pitted_surface
237,/home/eeeyyyfann/Codes/my_practice/dataset/NEU-DET/validation/images/pitted_surface/pitted_surface_298.jpg,3,3,1,1.5918735450211223,pitted_surface,pitted_surface
238,/home/eeeyyyfann/Codes/my_practice/dataset/NEU-DET/validation/images/pitted_surface/pitted_surface_299.jpg,3,1,0,7.479620525303973,pitted_surface,inclusion
239,/home/eeeyyyfann/Codes/my_practice/dataset/NEU-DET/validation/images/pitted_surface/pitted_surface_300.jpg,3,3,1,1.5453309074095296,pitted_surface,pitted_surface
240,/home/eeeyyyfann/Codes/my_practice/dataset/NEU-DET/validation/images/rolled-in_scale/rolled-in_scale_241.jpg,4,4,1,0.2515424264624453,rolled-in_scale,rolled-in_scale
241,/home/eeeyyyfann/Codes/my_practice/dataset/NEU-DET/validation/images/rolled-in_scale/rolled-in_scale_242.jpg,4,4,1,0.5286548394603947,rolled-in_scale,rolled-in_scale
242,/home/eeeyyyfann/Codes/my_practice/dataset/NEU-DET/validation/images/rolled-in_scale/rolled-in_scale_243.jpg,4,4,1,0.2547281210707578,rolled-in_scale,rolled-in_scale
243,/home/eeeyyyfann/Codes/my_practice/dataset/NEU-DET/validation/images/rolled-in_scale/rolled-in_scale_244.jpg,4,4,1,1.5812673196074056,rolled-in_scale,rolled-in_scale
244,/home/eeeyyyfann/Codes/my_practice/dataset/NEU-DET/validation/images/rolled-in_scale/rolled-in_scale_245.jpg,4,4,1,0.0606631483514636,rolled-in_scale,rolled-in_scale
245,/home/eeeyyyfann/Codes/my_practice/dataset/NEU-DET/validation/images/rolled-in_scale/rolled-in_scale_246.jpg,4,4,1,0.609501204384862,rolled-in_scale,rolled-in_scale
246,/home/eeeyyyfann/Codes/my_practice/dataset/NEU-DET/validation/images/rolled-in_scale/rolled-in_scale_247.jpg,4,4,1,0.040758017975465674,rolled-in_scale,rolled-in_scale
247,/home/eeeyyyfann/Codes/my_practice/dataset/NEU-DET/validation/images/rolled-in_scale/rolled-in_scale_248.jpg,4,4,1,0.6879090603020375,rolled-in_scale,rolled-in_scale
248,/home/eeeyyyfann/Codes/my_practice/dataset/NEU-DET/validation/images/rolled-in_scale/rolled-in_scale_249.jpg,4,4,1,0.9161580998169381,rolled-in_scale,rolled-in_scale
249,/home/eeeyyyfann/Codes/my_practice/dataset/NEU-DET/validation/images/rolled-in_scale/rolled-in_scale_250.jpg,4,4,1,2.2272350104265746,rolled-in_scale,rolled-in_scale
250,/home/eeeyyyfann/Codes/my_practice/dataset/NEU-DET/validation/images/rolled-in_scale/rolled-in_scale_251.jpg,4,4,1,0.46117138498602406,rolled-in_scale,rolled-in_scale
251,/home/eeeyyyfann/Codes/my_practice/dataset/NEU-DET/validation/images/rolled-in_scale/rolled-in_scale_252.jpg,4,4,1,0.6595443143845957,rolled-in_scale,rolled-in_scale
252,/home/eeeyyyfann/Codes/my_practice/dataset/NEU-DET/validation/images/rolled-in_scale/rolled-in_scale_253.jpg,4,4,1,0.6329601977390557,rolled-in_scale,rolled-in_scale
253,/home/eeeyyyfann/Codes/my_practice/dataset/NEU-DET/validation/images/rolled-in_scale/rolled-in_scale_254.jpg,4,4,1,0.6541361384353852,rolled-in_scale,rolled-in_scale
254,/home/eeeyyyfann/Codes/my_practice/dataset/NEU-DET/validation/images/rolled-in_scale/rolled-in_scale_255.jpg,4,4,1,0.18566286627507753,rolled-in_scale,rolled-in_scale
255,/home/eeeyyyfann/Codes/my_practice/dataset/NEU-DET/validation/images/rolled-in_scale/rolled-in_scale_256.jpg,4,4,1,0.922140029540179,rolled-in_scale,rolled-in_scale
256,/home/eeeyyyfann/Codes/my_practice/dataset/NEU-DET/validation/images/rolled-in_scale/rolled-in_scale_257.jpg,4,4,1,0.2263535356585674,rolled-in_scale,rolled-in_scale
257,/home/eeeyyyfann/Codes/my_practice/dataset/NEU-DET/validation/images/rolled-in_scale/rolled-in_scale_258.jpg,4,4,1,2.0491885114531234,rolled-in_scale,rolled-in_scale
258,/home/eeeyyyfann/Codes/my_practice/dataset/NEU-DET/validation/images/rolled-in_scale/rolled-in_scale_259.jpg,4,4,1,0.00863189226745085,rolled-in_scale,rolled-in_scale
259,/home/eeeyyyfann/Codes/my_practice/dataset/NEU-DET/validation/images/rolled-in_scale/rolled-in_scale_260.jpg,4,4,1,0.13713637619890537,rolled-in_scale,rolled-in_scale
260,/home/eeeyyyfann/Codes/my_practice/dataset/NEU-DET/validation/images/rolled-in_scale/rolled-in_scale_261.jpg,4,4,1,0.7131653476034253,rolled-in_scale,rolled-in_scale
261,/home/eeeyyyfann/Codes/my_practice/dataset/NEU-DET/validation/images/rolled-in_scale/rolled-in_scale_262.jpg,4,4,1,0.8725998124093596,rolled-in_scale,rolled-in_scale
262,/home/eeeyyyfann/Codes/my_practice/dataset/NEU-DET/validation/images/rolled-in_scale/rolled-in_scale_263.jpg,4,4,1,0.5490588133502269,rolled-in_scale,rolled-in_scale
263,/home/eeeyyyfann/Codes/my_practice/dataset/NEU-DET/validation/images/rolled-in_scale/rolled-in_scale_264.jpg,4,4,1,0.889927562667624,rolled-in_scale,rolled-in_scale
264,/home/eeeyyyfann/Codes/my_practice/dataset/NEU-DET/validation/images/rolled-in_scale/rolled-in_scale_265.jpg,4,4,1,1.5904780837327204,rolled-in_scale,rolled-in_scale
265,/home/eeeyyyfann/Codes/my_practice/dataset/NEU-DET/validation/images/rolled-in_scale/rolled-in_scale_266.jpg,4,4,1,0.6572644908970088,rolled-in_scale,rolled-in_scale
266,/home/eeeyyyfann/Codes/my_practice/dataset/NEU-DET/validation/images/rolled-in_scale/rolled-in_scale_267.jpg,4,4,1,0.4300192627272473,rolled-in_scale,rolled-in_scale
267,/home/eeeyyyfann/Codes/my_practice/dataset/NEU-DET/validation/images/rolled-in_scale/rolled-in_scale_268.jpg,4,4,1,2.564347310933125,rolled-in_scale,rolled-in_scale
268,/home/eeeyyyfann/Codes/my_practice/dataset/NEU-DET/validation/images/rolled-in_scale/rolled-in_scale_269.jpg,4,4,1,0.6094788335288279,rolled-in_scale,rolled-in_scale
269,/home/eeeyyyfann/Codes/my_practice/dataset/NEU-DET/validation/images/rolled-in_scale/rolled-in_scale_270.jpg,4,4,1,1.1971832868934522,rolled-in_scale,rolled-in_scale
270,/home/eeeyyyfann/Codes/my_practice/dataset/NEU-DET/validation/images/rolled-in_scale/rolled-in_scale_271.jpg,4,4,1,1.1325708863836492,rolled-in_scale,rolled-in_scale
271,/home/eeeyyyfann/Codes/my_practice/dataset/NEU-DET/validation/images/rolled-in_scale/rolled-in_scale_272.jpg,4,4,1,1.1331032151524594,rolled-in_scale,rolled-in_scale
272,/home/eeeyyyfann/Codes/my_practice/dataset/NEU-DET/validation/images/rolled-in_scale/rolled-in_scale_273.jpg,4,4,1,0.7460855728329568,rolled-in_scale,rolled-in_scale
273,/home/eeeyyyfann/Codes/my_practice/dataset/NEU-DET/validation/images/rolled-in_scale/rolled-in_scale_274.jpg,4,4,1,0.5751945800106403,rolled-in_scale,rolled-in_scale
274,/home/eeeyyyfann/Codes/my_practice/dataset/NEU-DET/validation/images/rolled-in_scale/rolled-in_scale_275.jpg,4,4,1,0.6349483585363989,rolled-in_scale,rolled-in_scale
275,/home/eeeyyyfann/Codes/my_practice/dataset/NEU-DET/validation/images/rolled-in_scale/rolled-in_scale_276.jpg,4,4,1,2.370452255473562,rolled-in_scale,rolled-in_scale
276,/home/eeeyyyfann/Codes/my_practice/dataset/NEU-DET/validation/images/rolled-in_scale/rolled-in_scale_277.jpg,4,4,1,0.23177970627761169,rolled-in_scale,rolled-in_scale
277,/home/eeeyyyfann/Codes/my_practice/dataset/NEU-DET/validation/images/rolled-in_scale/rolled-in_scale_278.jpg,4,4,1,0.7288002505863616,rolled-in_scale,rolled-in_scale
278,/home/eeeyyyfann/Codes/my_practice/dataset/NEU-DET/validation/images/rolled-in_scale/rolled-in_scale_279.jpg,4,4,1,0.5054930234119395,rolled-in_scale,rolled-in_scale
279,/home/eeeyyyfann/Codes/my_practice/dataset/NEU-DET/validation/images/rolled-in_scale/rolled-in_scale_280.jpg,4,4,1,0.023580464416447684,rolled-in_scale,rolled-in_scale
280,/home/eeeyyyfann/Codes/my_practice/dataset/NEU-DET/validation/images/rolled-in_scale/rolled-in_scale_281.jpg,4,4,1,1.2683710411203704,rolled-in_scale,rolled-in_scale
281,/home/eeeyyyfann/Codes/my_practice/dataset/NEU-DET/validation/images/rolled-in_scale/rolled-in_scale_282.jpg,4,4,1,0.18146219988340578,rolled-in_scale,rolled-in_scale
282,/home/eeeyyyfann/Codes/my_practice/dataset/NEU-DET/validation/images/rolled-in_scale/rolled-in_scale_283.jpg,4,4,1,1.0054587061201463,rolled-in_scale,rolled-in_scale
283,/home/eeeyyyfann/Codes/my_practice/dataset/NEU-DET/validation/images/rolled-in_scale/rolled-in_scale_284.jpg,4,4,1,1.48472738137654,rolled-in_scale,rolled-in_scale
284,/home/eeeyyyfann/Codes/my_practice/dataset/NEU-DET/validation/images/rolled-in_scale/rolled-in_scale_285.jpg,4,4,1,0.5422390260807061,rolled-in_scale,rolled-in_scale
285,/home/eeeyyyfann/Codes/my_practice/dataset/NEU-DET/validation/images/rolled-in_scale/rolled-in_scale_286.jpg,4,4,1,1.6976456027308544,rolled-in_scale,rolled-in_scale
286,/home/eeeyyyfann/Codes/my_practice/dataset/NEU-DET/validation/images/rolled-in_scale/rolled-in_scale_287.jpg,4,4,1,1.2430098122589706,rolled-in_scale,rolled-in_scale
287,/home/eeeyyyfann/Codes/my_practice/dataset/NEU-DET/validation/images/rolled-in_scale/rolled-in_scale_288.jpg,4,4,1,0.06641383341482124,rolled-in_scale,rolled-in_scale
288,/home/eeeyyyfann/Codes/my_practice/dataset/NEU-DET/validation/images/rolled-in_scale/rolled-in_scale_289.jpg,4,4,1,0.3647506063606827,rolled-in_scale,rolled-in_scale
289,/home/eeeyyyfann/Codes/my_practice/dataset/NEU-DET/validation/images/rolled-in_scale/rolled-in_scale_290.jpg,4,4,1,1.8689358327188295,rolled-in_scale,rolled-in_scale
290,/home/eeeyyyfann/Codes/my_practice/dataset/NEU-DET/validation/images/rolled-in_scale/rolled-in_scale_291.jpg,4,4,1,0.041414752493750456,rolled-in_scale,rolled-in_scale
291,/home/eeeyyyfann/Codes/my_practice/dataset/NEU-DET/validation/images/rolled-in_scale/rolled-in_scale_292.jpg,4,0,0,13.232650291242107,rolled-in_scale,crazing
292,/home/eeeyyyfann/Codes/my_practice/dataset/NEU-DET/validation/images/rolled-in_scale/rolled-in_scale_293.jpg,4,4,1,1.8381129714976159,rolled-in_scale,rolled-in_scale
293,/home/eeeyyyfann/Codes/my_practice/dataset/NEU-DET/validation/images/rolled-in_scale/rolled-in_scale_294.jpg,4,4,1,0.4298303366416945,rolled-in_scale,rolled-in_scale
294,/home/eeeyyyfann/Codes/my_practice/dataset/NEU-DET/validation/images/rolled-in_scale/rolled-in_scale_295.jpg,4,4,1,0.8452076010360767,rolled-in_scale,rolled-in_scale
295,/home/eeeyyyfann/Codes/my_practice/dataset/NEU-DET/validation/images/rolled-in_scale/rolled-in_scale_296.jpg,4,4,1,0.11395076130872821,rolled-in_scale,rolled-in_scale
296,/home/eeeyyyfann/Codes/my_practice/dataset/NEU-DET/validation/images/rolled-in_scale/rolled-in_scale_297.jpg,4,4,1,0.4253824838867768,rolled-in_scale,rolled-in_scale
297,/home/eeeyyyfann/Codes/my_practice/dataset/NEU-DET/validation/images/rolled-in_scale/rolled-in_scale_298.jpg,4,4,1,0.010169823890986822,rolled-in_scale,rolled-in_scale
298,/home/eeeyyyfann/Codes/my_practice/dataset/NEU-DET/validation/images/rolled-in_scale/rolled-in_scale_299.jpg,4,4,1,0.9234990405504923,rolled-in_scale,rolled-in_scale
299,/home/eeeyyyfann/Codes/my_practice/dataset/NEU-DET/validation/images/rolled-in_scale/rolled-in_scale_300.jpg,4,4,1,0.26242576640942433,rolled-in_scale,rolled-in_scale
300,/home/eeeyyyfann/Codes/my_practice/dataset/NEU-DET/validation/images/scratches/scratches_241.jpg,5,5,1,0.693976464321346,scratches,scratches
301,/home/eeeyyyfann/Codes/my_practice/dataset/NEU-DET/validation/images/scratches/scratches_242.jpg,5,5,1,0.34234630519418807,scratches,scratches
302,/home/eeeyyyfann/Codes/my_practice/dataset/NEU-DET/validation/images/scratches/scratches_243.jpg,5,5,1,0.915707056617983,scratches,scratches
303,/home/eeeyyyfann/Codes/my_practice/dataset/NEU-DET/validation/images/scratches/scratches_244.jpg,5,5,1,0.500158486832503,scratches,scratches
304,/home/eeeyyyfann/Codes/my_practice/dataset/NEU-DET/validation/images/scratches/scratches_245.jpg,5,5,1,1.6282190540988213,scratches,scratches
305,/home/eeeyyyfann/Codes/my_practice/dataset/NEU-DET/validation/images/scratches/scratches_246.jpg,5,5,1,0.7262690382980123,scratches,scratches
306,/home/eeeyyyfann/Codes/my_practice/dataset/NEU-DET/validation/images/scratches/scratches_247.jpg,5,5,1,0.5276423038482865,scratches,scratches
307,/home/eeeyyyfann/Codes/my_practice/dataset/NEU-DET/validation/images/scratches/scratches_248.jpg,5,5,1,1.587230488579673,scratches,scratches
308,/home/eeeyyyfann/Codes/my_practice/dataset/NEU-DET/validation/images/scratches/scratches_249.jpg,5,5,1,0.3273635789525359,scratches,scratches
309,/home/eeeyyyfann/Codes/my_practice/dataset/NEU-DET/validation/images/scratches/scratches_250.jpg,5,5,1,0.09202629942750483,scratches,scratches
310,/home/eeeyyyfann/Codes/my_practice/dataset/NEU-DET/validation/images/scratches/scratches_251.jpg,5,5,1,1.0698205133870586,scratches,scratches
311,/home/eeeyyyfann/Codes/my_practice/dataset/NEU-DET/validation/images/scratches/scratches_252.jpg,5,5,1,0.34237426521707537,scratches,scratches
312,/home/eeeyyyfann/Codes/my_practice/dataset/NEU-DET/validation/images/scratches/scratches_253.jpg,5,5,1,0.06257062501337207,scratches,scratches
313,/home/eeeyyyfann/Codes/my_practice/dataset/NEU-DET/validation/images/scratches/scratches_254.jpg,5,5,1,0.6059532365073769,scratches,scratches
314,/home/eeeyyyfann/Codes/my_practice/dataset/NEU-DET/validation/images/scratches/scratches_255.jpg,5,5,1,1.3889311647145322,scratches,scratches
315,/home/eeeyyyfann/Codes/my_practice/dataset/NEU-DET/validation/images/scratches/scratches_256.jpg,5,5,1,1.4425328824432873,scratches,scratches
316,/home/eeeyyyfann/Codes/my_practice/dataset/NEU-DET/validation/images/scratches/scratches_257.jpg,5,5,1,1.36211693295233,scratches,scratches
317,/home/eeeyyyfann/Codes/my_practice/dataset/NEU-DET/validation/images/scratches/scratches_258.jpg,5,5,1,0.8688233442370513,scratches,scratches
318,/home/eeeyyyfann/Codes/my_practice/dataset/NEU-DET/validation/images/scratches/scratches_259.jpg,5,5,1,0.36965403652764495,scratches,scratches
319,/home/eeeyyyfann/Codes/my_practice/dataset/NEU-DET/validation/images/scratches/scratches_260.jpg,5,5,1,0.7894886721578216,scratches,scratches
320,/home/eeeyyyfann/Codes/my_practice/dataset/NEU-DET/validation/images/scratches/scratches_261.jpg,5,5,1,0.2562740320364523,scratches,scratches
321,/home/eeeyyyfann/Codes/my_practice/dataset/NEU-DET/validation/images/scratches/scratches_262.jpg,5,5,1,1.4224489868997168,scratches,scratches
322,/home/eeeyyyfann/Codes/my_practice/dataset/NEU-DET/validation/images/scratches/scratches_263.jpg,5,5,1,1.2508331952737606,scratches,scratches
323,/home/eeeyyyfann/Codes/my_practice/dataset/NEU-DET/validation/images/scratches/scratches_264.jpg,5,5,1,0.46904095507830335,scratches,scratches
324,/home/eeeyyyfann/Codes/my_practice/dataset/NEU-DET/validation/images/scratches/scratches_265.jpg,5,5,1,0.5046935192180556,scratches,scratches
325,/home/eeeyyyfann/Codes/my_practice/dataset/NEU-DET/validation/images/scratches/scratches_266.jpg,5,5,1,0.06536338183570667,scratches,scratches
326,/home/eeeyyyfann/Codes/my_practice/dataset/NEU-DET/validation/images/scratches/scratches_267.jpg,5,5,1,0.6610162920378524,scratches,scratches
327,/home/eeeyyyfann/Codes/my_practice/dataset/NEU-DET/validation/images/scratches/scratches_268.jpg,5,5,1,1.3598846422874953,scratches,scratches
328,/home/eeeyyyfann/Codes/my_practice/dataset/NEU-DET/validation/images/scratches/scratches_269.jpg,5,5,1,0.9530502925179268,scratches,scratches
329,/home/eeeyyyfann/Codes/my_practice/dataset/NEU-DET/validation/images/scratches/scratches_270.jpg,5,5,1,1.014753331447041,scratches,scratches
330,/home/eeeyyyfann/Codes/my_practice/dataset/NEU-DET/validation/images/scratches/scratches_271.jpg,5,5,1,0.9629789359632714,scratches,scratches
331,/home/eeeyyyfann/Codes/my_practice/dataset/NEU-DET/validation/images/scratches/scratches_272.jpg,5,5,1,0.8667471088095374,scratches,scratches
332,/home/eeeyyyfann/Codes/my_practice/dataset/NEU-DET/validation/images/scratches/scratches_273.jpg,5,5,1,0.10304160482245482,scratches,scratches
333,/home/eeeyyyfann/Codes/my_practice/dataset/NEU-DET/validation/images/scratches/scratches_274.jpg,5,5,1,2.2723383444139564,scratches,scratches
334,/home/eeeyyyfann/Codes/my_practice/dataset/NEU-DET/validation/images/scratches/scratches_275.jpg,5,5,1,0.1267093804018,scratches,scratches
335,/home/eeeyyyfann/Codes/my_practice/dataset/NEU-DET/validation/images/scratches/scratches_276.jpg,5,5,1,0.412600746701461,scratches,scratches
336,/home/eeeyyyfann/Codes/my_practice/dataset/NEU-DET/validation/images/scratches/scratches_277.jpg,5,5,1,0.6546202699736507,scratches,scratches
337,/home/eeeyyyfann/Codes/my_practice/dataset/NEU-DET/validation/images/scratches/scratches_278.jpg,5,5,1,0.6920838028109968,scratches,scratches
338,/home/eeeyyyfann/Codes/my_practice/dataset/NEU-DET/validation/images/scratches/scratches_279.jpg,5,5,1,0.06915292875107462,scratches,scratches
339,/home/eeeyyyfann/Codes/my_practice/dataset/NEU-DET/validation/images/scratches/scratches_280.jpg,5,5,1,1.2099328386556463,scratches,scratches
340,/home/eeeyyyfann/Codes/my_practice/dataset/NEU-DET/validation/images/scratches/scratches_281.jpg,5,5,1,0.3093774840297052,scratches,scratches
341,/home/eeeyyyfann/Codes/my_practice/dataset/NEU-DET/validation/images/scratches/scratches_282.jpg,5,5,1,1.1956859856138708,scratches,scratches
342,/home/eeeyyyfann/Codes/my_practice/dataset/NEU-DET/validation/images/scratches/scratches_283.jpg,5,5,1,0.531732171141859,scratches,scratches
343,/home/eeeyyyfann/Codes/my_practice/dataset/NEU-DET/validation/images/scratches/scratches_284.jpg,5,5,1,1.321581498714889,scratches,scratches
344,/home/eeeyyyfann/Codes/my_practice/dataset/NEU-DET/validation/images/scratches/scratches_285.jpg,5,5,1,0.8752087710233278,scratches,scratches
345,/home/eeeyyyfann/Codes/my_practice/dataset/NEU-DET/validation/images/scratches/scratches_286.jpg,5,5,1,0.21016478849073417,scratches,scratches
346,/home/eeeyyyfann/Codes/my_practice/dataset/NEU-DET/validation/images/scratches/scratches_287.jpg,5,5,1,1.1343132595840224,scratches,scratches
347,/home/eeeyyyfann/Codes/my_practice/dataset/NEU-DET/validation/images/scratches/scratches_288.jpg,5,5,1,0.3067230565064255,scratches,scratches
348,/home/eeeyyyfann/Codes/my_practice/dataset/NEU-DET/validation/images/scratches/scratches_289.jpg,5,5,1,0.6702603752221223,scratches,scratches
349,/home/eeeyyyfann/Codes/my_practice/dataset/NEU-DET/validation/images/scratches/scratches_290.jpg,5,5,1,0.07403291504897913,scratches,scratches
350,/home/eeeyyyfann/Codes/my_practice/dataset/NEU-DET/validation/images/scratches/scratches_291.jpg,5,5,1,0.46682544705714146,scratches,scratches
351,/home/eeeyyyfann/Codes/my_practice/dataset/NEU-DET/validation/images/scratches/scratches_292.jpg,5,5,1,0.5306701989841276,scratches,scratches
352,/home/eeeyyyfann/Codes/my_practice/dataset/NEU-DET/validation/images/scratches/scratches_293.jpg,5,5,1,0.8980553409867396,scratches,scratches
353,/home/eeeyyyfann/Codes/my_practice/dataset/NEU-DET/validation/images/scratches/scratches_294.jpg,5,5,1,1.6385721062004017,scratches,scratches
354,/home/eeeyyyfann/Codes/my_practice/dataset/NEU-DET/validation/images/scratches/scratches_295.jpg,5,5,1,2.885519211315262,scratches,scratches
355,/home/eeeyyyfann/Codes/my_practice/dataset/NEU-DET/validation/images/scratches/scratches_296.jpg,5,5,1,0.1273087081710871,scratches,scratches
356,/home/eeeyyyfann/Codes/my_practice/dataset/NEU-DET/validation/images/scratches/scratches_297.jpg,5,5,1,1.587613871254396,scratches,scratches
357,/home/eeeyyyfann/Codes/my_practice/dataset/NEU-DET/validation/images/scratches/scratches_298.jpg,5,5,1,1.4306868038541334,scratches,scratches
358,/home/eeeyyyfann/Codes/my_practice/dataset/NEU-DET/validation/images/scratches/scratches_299.jpg,5,5,1,0.18647185498988975,scratches,scratches
359,/home/eeeyyyfann/Codes/my_practice/dataset/NEU-DET/validation/images/scratches/scratches_300.jpg,5,5,1,1.5164487859450375,scratches,scratches
